{"cameraMode":{"drawMode":0,"name":"Shaded","section":"Shading Mode"},"sceneLighting":true,"audioPlay":false,"sceneViewState":{"showFog":true,"showMaterialUpdate":false,"showSkybox":true,"showFlares":true,"showImageEffects":true,"showParticleSystems":true},"in2DMode":false,"pivot":{"x":-1.1492691040039063,"y":5.391035079956055,"z":2.4937591552734377},"rotation":{"x":-0.18849711120128632,"y":0.4670509696006775,"z":-0.10263337194919586,"w":-0.8577887415885925},"size":19.1549072265625,"orthographic":false}